{"cameraMode":{"drawMode":0,"name":"Shaded","section":"Shading Mode"},"sceneLighting":true,"audioPlay":false,"sceneViewState":{"m_AlwaysRefresh":false,"showFog":true,"showSkybox":true,"showFlares":true,"showImageEffects":true,"showParticleSystems":true,"showVisualEffectGraphs":true,"m_FxEnabled":true},"in2DMode":false,"pivot":{"x":306.3724060058594,"y":179.51025390625,"z":306.9361572265625},"rotation":{"x":0.024653321132063867,"y":0.05305679515004158,"z":0.0013100238284096122,"w":-0.9982984066009522},"size":275.1368408203125,"orthographic":true}