{"cameraMode":{"drawMode":0,"name":"Shaded","section":"Shading Mode"},"sceneLighting":true,"audioPlay":false,"sceneViewState":{"m_AlwaysRefresh":false,"showFog":true,"showSkybox":true,"showFlares":true,"showImageEffects":true,"showParticleSystems":true,"showVisualEffectGraphs":true,"m_FxEnabled":true},"in2DMode":false,"pivot":{"x":286.6968688964844,"y":139.69107055664063,"z":-16.23919677734375},"rotation":{"x":-0.0823972299695015,"y":0.014948460273444653,"z":0.0012360794935375453,"w":0.9964880347251892},"size":172.31304931640626,"orthographic":false}