{"cameraMode":{"drawMode":0,"name":"Shaded","section":"Shading Mode"},"sceneLighting":true,"audioPlay":false,"sceneViewState":{"m_AlwaysRefresh":false,"showFog":true,"showSkybox":true,"showFlares":true,"showImageEffects":true,"showParticleSystems":true,"showVisualEffectGraphs":true,"m_FxEnabled":true},"in2DMode":false,"pivot":{"x":328.6490173339844,"y":232.7423858642578,"z":-88.55928802490235},"rotation":{"x":-0.013808609917759896,"y":-0.006902242079377174,"z":0.00009556363511364907,"w":-0.9998869299888611},"size":197.2633514404297,"orthographic":false}