{"cameraMode":{"drawMode":0,"name":"Shaded","section":"Shading Mode"},"sceneLighting":true,"audioPlay":false,"sceneViewState":{"m_AlwaysRefresh":false,"showFog":true,"showSkybox":true,"showFlares":true,"showImageEffects":true,"showParticleSystems":true,"showVisualEffectGraphs":true,"m_FxEnabled":true},"in2DMode":false,"pivot":{"x":382.7129211425781,"y":187.83677673339845,"z":10.343435287475586},"rotation":{"x":0.001190513139590621,"y":-0.011402728967368603,"z":-0.000013851540643372573,"w":-0.9999388456344605},"size":278.41705322265627,"orthographic":false}